avg,stddev,min,max
91.722298,1.942609,89.954805,95.193094
