avg,stddev,min,max
57.656746,1.669189,56.299144,61.721361
