avg,stddev,min,max
5.722163,0.185977,5.579168,6.190109
