avg,stddev,min,max
3.694205,0.261808,3.420599,4.239677
