avg,stddev,min,max
3.287623,0.098500,3.129050,3.454409
