avg,stddev,min,max
67.350200,1.633647,64.570300,69.559016
