avg,stddev,min,max
72.034405,1.049725,70.199965,73.693816
