avg,stddev,min,max
34.402807,0.314324,33.998476,35.141908
