avg,stddev,min,max
1.103532,0.023978,1.082408,1.151696
