avg,stddev,min,max
46.177219,1.348436,44.075519,48.560815
