avg,stddev,min,max
33.216060,0.086335,33.095253,33.333134
