avg,stddev,min,max
26.510713,0.187949,26.093027,26.722314
