avg,stddev,min,max
1.266381,0.031915,1.213242,1.305276
