avg,stddev,min,max
1.331526,0.028675,1.278896,1.367202
