avg,stddev,min,max
0.775576,0.004270,0.768307,0.780950
