avg,stddev,min,max
24.904821,0.128279,24.712007,25.118231
