avg,stddev,min,max
0.829596,0.003668,0.822547,0.834843
