avg,stddev,min,max
27.232903,0.156514,27.027376,27.469796
