avg,stddev,min,max
25.876003,0.051464,25.816406,25.950060
