avg,stddev,min,max
0.830746,0.005254,0.821205,0.837532
