avg,stddev,min,max
1.342693,0.018676,1.307542,1.366042
