avg,stddev,min,max
29.127703,0.184295,28.885065,29.435583
