avg,stddev,min,max
33.184552,0.078257,33.037360,33.278472
