avg,stddev,min,max
26.564155,0.061668,26.482029,26.655147
