avg,stddev,min,max
28.024874,0.160846,27.767931,28.248467
