avg,stddev,min,max
1.342438,0.060766,1.204374,1.432906
