avg,stddev,min,max
1.471806,0.029665,1.422362,1.524260
