avg,stddev,min,max
1.190078,0.028259,1.151873,1.229606
