avg,stddev,min,max
28.863410,0.100649,28.681364,29.027872
