avg,stddev,min,max
1.326965,0.027200,1.290485,1.381188
