avg,stddev,min,max
28.193097,0.156149,27.954870,28.376819
