avg,stddev,min,max
1.361390,0.035706,1.302262,1.424084
