avg,stddev,min,max
0.785008,0.011656,0.777037,0.816948
