avg,stddev,min,max
25.848359,0.187566,25.631081,26.067952
