avg,stddev,min,max
0.787275,0.005543,0.775451,0.794208
