avg,stddev,min,max
0.839461,0.007982,0.824003,0.851471
