avg,stddev,min,max
25.190180,0.153094,24.877437,25.420253
