avg,stddev,min,max
24.941556,0.097348,24.755133,25.091899
