avg,stddev,min,max
24.891644,0.246068,24.569796,25.247236
