avg,stddev,min,max
24.830476,0.119758,24.678143,25.039128
