avg,stddev,min,max
0.838484,0.007517,0.825315,0.848792
