avg,stddev,min,max
23.705588,0.134667,23.386715,23.860542
