avg,stddev,min,max
0.789252,0.010335,0.777034,0.813211
