avg,stddev,min,max
0.785146,0.008971,0.773466,0.807972
