avg,stddev,min,max
3.434316,0.062253,3.385497,3.590422
