avg,stddev,min,max
3.395636,0.015101,3.371431,3.427801
