avg,stddev,min,max
0.011430,0.000187,0.011268,0.011766
