avg,stddev,min,max
78.016666,0.340672,77.528642,78.397362
