avg,stddev,min,max
0.202728,0.000690,0.201407,0.203757
