avg,stddev,min,max
0.001446,0.000015,0.001426,0.001464
