avg,stddev,min,max
79.439197,0.365708,79.044773,80.368357
