avg,stddev,min,max
79.206770,0.431452,78.732062,79.737119
