avg,stddev,min,max
0.001464,0.000059,0.001381,0.001565
