avg,stddev,min,max
3.330346,0.045303,3.243935,3.394720
