avg,stddev,min,max
78.689508,0.329337,77.924909,79.117863
