avg,stddev,min,max
0.200333,0.001075,0.198580,0.202122
