avg,stddev,min,max
0.011391,0.000183,0.011223,0.011704
