avg,stddev,min,max
0.205699,0.000853,0.204479,0.207219
