avg,stddev,min,max
0.001482,0.000063,0.001378,0.001552
