avg,stddev,min,max
0.202510,0.001070,0.201241,0.204106
