avg,stddev,min,max
3.377572,0.021577,3.357503,3.434078
