avg,stddev,min,max
0.011530,0.000225,0.011294,0.011892
