avg,stddev,min,max
0.011508,0.000213,0.011173,0.011795
