avg,stddev,min,max
0.001432,0.000010,0.001419,0.001445
