avg,stddev,min,max
0.001492,0.000045,0.001445,0.001566
