avg,stddev,min,max
0.204557,0.001048,0.203128,0.205994
