avg,stddev,min,max
80.725052,0.401823,80.204124,81.202456
