avg,stddev,min,max
0.011532,0.000129,0.011356,0.011744
