avg,stddev,min,max
0.001447,0.000024,0.001407,0.001477
