avg,stddev,min,max
3.284380,0.027333,3.231316,3.310993
