avg,stddev,min,max
0.001467,0.000071,0.001317,0.001551
