avg,stddev,min,max
78.265426,0.204532,78.020860,78.593860
