avg,stddev,min,max
0.011563,0.000173,0.011361,0.011840
