avg,stddev,min,max
0.001447,0.000016,0.001423,0.001472
