avg,stddev,min,max
3.285667,0.021623,3.249250,3.317361
