avg,stddev,min,max
3.337992,0.013366,3.316754,3.364080
