avg,stddev,min,max
0.201351,0.001025,0.199647,0.203139
