avg,stddev,min,max
0.202643,0.000658,0.201668,0.203964
