avg,stddev,min,max
79.117883,0.329778,78.380721,79.505384
