avg,stddev,min,max
0.011711,0.000220,0.011243,0.012025
