avg,stddev,min,max
3.378903,0.022609,3.336784,3.423520
