avg,stddev,min,max
0.011601,0.000310,0.011218,0.012178
