avg,stddev,min,max
78.723593,0.431429,78.205648,79.607038
