avg,stddev,min,max
0.203914,0.001134,0.202417,0.206402
