avg,stddev,min,max
3.093667,0.052205,3.060897,3.238048
