avg,stddev,min,max
34.083170,0.141972,33.947714,34.430126
