avg,stddev,min,max
1.860899,0.016353,1.825548,1.877815
