avg,stddev,min,max
38.280664,0.112310,38.071749,38.492525
