avg,stddev,min,max
1.345241,0.040077,1.270829,1.384406
