avg,stddev,min,max
29.759851,0.341191,29.405967,30.263683
