avg,stddev,min,max
44.953996,0.234536,44.672488,45.496095
