avg,stddev,min,max
36.066066,0.213467,35.771381,36.415451
