avg,stddev,min,max
0.849738,0.003635,0.845303,0.854645
