avg,stddev,min,max
24.502281,0.128123,24.320064,24.710094
