avg,stddev,min,max
0.841482,0.009450,0.824375,0.850808
