avg,stddev,min,max
1.343500,0.013203,1.321175,1.372891
