avg,stddev,min,max
27.979675,0.133918,27.753242,28.145420
