avg,stddev,min,max
1.390933,0.015344,1.374850,1.426558
