avg,stddev,min,max
0.417859,0.001026,0.417134,0.418585
