avg,stddev,min,max
5.715601,0.078642,5.655916,5.816538
