avg,stddev,min,max
1.546130,0.023489,1.511409,1.576579
