avg,stddev,min,max
62.531079,0.589370,61.678513,63.140690
