avg,stddev,min,max
5.774720,0.235827,5.605447,6.167128
