avg,stddev,min,max
62.719609,1.598678,60.272842,64.609227
