avg,stddev,min,max
33.471366,0.550120,32.652602,34.088111
