avg,stddev,min,max
1.511371,0.019806,1.494722,1.543114
