avg,stddev,min,max
32.503754,0.310322,32.248525,33.043074
