avg,stddev,min,max
1.097184,0.023821,1.080275,1.138366
