avg,stddev,min,max
31.663250,0.316138,31.420332,32.133306
