avg,stddev,min,max
3.216004,0.096692,3.149841,3.386732
