avg,stddev,min,max
49.805051,1.576529,47.491963,51.418046
