avg,stddev,min,max
30.378272,0.359107,30.077352,30.972352
