avg,stddev,min,max
3.209766,0.070056,3.135029,3.295418
