avg,stddev,min,max
1.083782,0.004597,1.077615,1.089881
