avg,stddev,min,max
48.878660,0.746480,47.953496,49.965324
