avg,stddev,min,max
33.034674,0.466257,32.363588,33.841098
