avg,stddev,min,max
6.316875,0.551488,5.902885,7.635962
