avg,stddev,min,max
65.161623,1.760267,62.522396,67.670068
