avg,stddev,min,max
59.909201,1.070266,58.209844,61.715996
