avg,stddev,min,max
5.865781,0.567660,5.483318,6.993458
