avg,stddev,min,max
1.528827,0.012032,1.509839,1.548668
