avg,stddev,min,max
33.184038,0.502088,32.194800,34.119957
