avg,stddev,min,max
1.528446,0.026933,1.474151,1.568700
