avg,stddev,min,max
31.584352,0.402120,31.015766,32.183626
