avg,stddev,min,max
50.595449,1.675496,48.228442,52.645735
