avg,stddev,min,max
1.076952,0.016201,1.055603,1.113841
