avg,stddev,min,max
3.364499,0.261977,3.100538,4.056772
