avg,stddev,min,max
1.092700,0.018980,1.072385,1.124026
