avg,stddev,min,max
52.285145,1.170627,50.689082,54.497116
