avg,stddev,min,max
3.382071,0.285459,3.154335,4.127142
