avg,stddev,min,max
30.562202,0.403894,30.040181,31.257426
