avg,stddev,min,max
28.801567,0.101061,28.655359,28.957084
