avg,stddev,min,max
1.455697,0.050352,1.374357,1.524599
