avg,stddev,min,max
28.362176,0.068533,28.294879,28.521160
