avg,stddev,min,max
1.323016,0.037256,1.240506,1.356448
