avg,stddev,min,max
28.107634,0.236557,27.819308,28.388813
