avg,stddev,min,max
29.082702,0.154399,28.884513,29.266017
