avg,stddev,min,max
29.443858,0.130913,29.241862,29.565803
