avg,stddev,min,max
1.371632,0.055802,1.288287,1.462430
