avg,stddev,min,max
1.358110,0.016623,1.323257,1.386570
