avg,stddev,min,max
1.364349,0.084605,1.271259,1.581995
