avg,stddev,min,max
1.376504,0.032388,1.321512,1.416391
