avg,stddev,min,max
33.141890,0.113415,33.002100,33.351547
