avg,stddev,min,max
28.864327,0.152875,28.641181,29.132754
