avg,stddev,min,max
26.593836,0.213156,26.288836,26.822529
