avg,stddev,min,max
0.782059,0.004794,0.772300,0.790335
