avg,stddev,min,max
0.785331,0.002885,0.780941,0.790400
