avg,stddev,min,max
24.798832,0.059973,24.723915,24.892685
