avg,stddev,min,max
0.844497,0.009461,0.833123,0.866030
