avg,stddev,min,max
0.837654,0.003802,0.830335,0.845258
