avg,stddev,min,max
25.962885,0.119352,25.792147,26.116616
