avg,stddev,min,max
0.789798,0.008314,0.778283,0.801782
