avg,stddev,min,max
23.454909,0.156845,23.232738,23.699814
