avg,stddev,min,max
0.891935,0.008976,0.877932,0.907607
