avg,stddev,min,max
24.774212,0.192837,24.403071,25.014404
