avg,stddev,min,max
33.365433,0.179630,33.120645,33.710590
