avg,stddev,min,max
25.805373,0.205340,25.566157,26.294931
