avg,stddev,min,max
1.121789,0.027841,1.069913,1.153329
