avg,stddev,min,max
1.140811,0.015865,1.112232,1.172482
