avg,stddev,min,max
26.902516,0.141043,26.628903,27.071447
