avg,stddev,min,max
1.337273,0.049553,1.223095,1.400561
