avg,stddev,min,max
32.405337,0.571561,31.875075,33.520938
