avg,stddev,min,max
1.289826,0.047954,1.219553,1.367516
