avg,stddev,min,max
24.750784,0.090072,24.583064,24.894006
