avg,stddev,min,max
0.776902,0.007295,0.767580,0.789773
