avg,stddev,min,max
23.646834,0.180376,23.345363,23.856688
