avg,stddev,min,max
26.067475,0.209361,25.855164,26.558401
