avg,stddev,min,max
0.771566,0.006257,0.759908,0.780163
