avg,stddev,min,max
24.951725,0.096693,24.813624,25.088718
