avg,stddev,min,max
0.769398,0.006007,0.761155,0.782905
