avg,stddev,min,max
0.784152,0.020556,0.774143,0.842254
