avg,stddev,min,max
2.272408,0.032783,2.215051,2.310823
