avg,stddev,min,max
2.422111,0.027060,2.348286,2.443996
