avg,stddev,min,max
1.410293,0.046279,1.287999,1.453730
