avg,stddev,min,max
32.850193,0.316543,32.511475,33.413734
