avg,stddev,min,max
29.176815,0.116135,29.070709,29.468894
