avg,stddev,min,max
29.852037,0.212472,29.613726,30.274547
