avg,stddev,min,max
1.804718,0.004213,1.796142,1.810350
