avg,stddev,min,max
39.612767,0.344901,38.842739,40.005878
