avg,stddev,min,max
25.950434,0.290976,25.390249,26.283612
