avg,stddev,min,max
1.736520,0.012457,1.723584,1.763245
