avg,stddev,min,max
25.768001,0.229294,25.543067,26.149607
