avg,stddev,min,max
1.131279,0.044124,1.066370,1.184817
