avg,stddev,min,max
26.408502,0.096848,26.276061,26.544185
