avg,stddev,min,max
29.578039,0.157838,29.435561,29.845069
