avg,stddev,min,max
1.293506,0.045298,1.219501,1.330855
