avg,stddev,min,max
29.118964,0.190202,28.802196,29.315280
