avg,stddev,min,max
1.145335,0.015644,1.119602,1.159283
