avg,stddev,min,max
1.117095,0.052908,1.035107,1.163999
