avg,stddev,min,max
0.768656,0.004628,0.762854,0.775662
