avg,stddev,min,max
24.773244,0.183808,24.582857,24.990696
