avg,stddev,min,max
23.847792,0.154993,23.650051,24.025016
