avg,stddev,min,max
26.148191,0.058591,26.085354,26.210142
