avg,stddev,min,max
0.775220,0.005455,0.767456,0.781113
