avg,stddev,min,max
24.946468,0.158591,24.752333,25.097540
