avg,stddev,min,max
0.779490,0.006861,0.768647,0.787632
