avg,stddev,min,max
0.776530,0.005884,0.769508,0.784168
