avg,stddev,min,max
6.567116,0.343347,6.298292,7.210185
