avg,stddev,min,max
6.374938,0.201986,6.230706,6.921892
