avg,stddev,min,max
1.539300,0.005748,1.524645,1.544515
