avg,stddev,min,max
32.163061,0.157437,31.930574,32.445802
