avg,stddev,min,max
58.151803,1.421428,56.734465,61.534353
