avg,stddev,min,max
32.560264,0.178847,32.158495,32.859358
