avg,stddev,min,max
5.685579,0.107387,5.530418,5.852254
