avg,stddev,min,max
92.634815,2.018977,89.479377,95.268515
