avg,stddev,min,max
1.520237,0.006964,1.510031,1.534027
