avg,stddev,min,max
3.342785,0.311522,3.128350,4.124866
