avg,stddev,min,max
47.135293,1.259941,45.194425,49.498960
