avg,stddev,min,max
31.873019,0.637018,30.803794,32.594779
