avg,stddev,min,max
3.548424,0.172122,3.396281,4.005545
