avg,stddev,min,max
1.181773,0.007330,1.172618,1.195334
