avg,stddev,min,max
1.360863,0.046930,1.241932,1.409316
