avg,stddev,min,max
1.308419,0.035020,1.252194,1.353074
