avg,stddev,min,max
29.807338,0.124022,29.644447,30.003367
