avg,stddev,min,max
1.165387,0.017860,1.129292,1.186261
