avg,stddev,min,max
26.013171,0.048081,25.937625,26.083111
