avg,stddev,min,max
26.161757,0.104195,25.930645,26.313724
