avg,stddev,min,max
28.939322,0.128894,28.730774,29.131726
