avg,stddev,min,max
1.142804,0.026348,1.098883,1.177647
