avg,stddev,min,max
24.528324,0.332041,24.260507,25.434945
