avg,stddev,min,max
23.176400,0.116389,22.988214,23.419371
