avg,stddev,min,max
26.086820,0.173341,25.872860,26.339882
