avg,stddev,min,max
0.767384,0.005780,0.759321,0.774074
