avg,stddev,min,max
0.778345,0.006289,0.768072,0.789440
