avg,stddev,min,max
0.767627,0.008526,0.753462,0.777638
